config_index,K_Eh,Vavg_Eh,Etotal_Eh
0,0.0004274003755803565,-76.46034158550334,-76.45991418512776
1,0.0004274406816417336,-76.45917153659667,-76.45874409591502
2,0.0004274115911111787,-76.45915424417669,-76.45872683258558
3,0.0004273749773209459,-76.46251052491334,-76.46208314993602
4,0.0004273287524732423,-76.46172926050667,-76.46130193175419
5,0.00042739487135690134,-76.46215478830332,-76.46172739343197
6,0.0004273873558043864,-76.46224642319335,-76.46181903583755
7,0.0004273953357123988,-76.46121282692002,-76.46078543158431
8,0.0004274287436177715,-76.46016902476,-76.45974159601639
9,0.0004274309071512279,-76.46044103742665,-76.4600136065195
10,0.00042739709429002104,-76.46347372383333,-76.46304632673905
11,0.0004273881509044199,-76.46240810894334,-76.46198072079243
12,0.0004273839951421516,-76.46115934034334,-76.4607319563482
13,0.00042741557687954104,-76.4630690825,-76.46264166692312
14,0.00042736579600343203,-76.46243307413002,-76.46200570833402
15,0.0004273954414360245,-76.46085995701667,-76.46043256157523
16,0.0004274148742096608,-76.46268243264998,-76.46225501777577
17,0.0004274147165664862,-76.46221847101333,-76.46179105629676
18,0.00042739236128525385,-76.46260491453002,-76.46217752216873
19,0.0004274026618661896,-76.46216260507668,-76.46173520241481
20,0.00042743126919432556,-76.46379648954999,-76.4633690582808
21,0.0004273969608436415,-76.46205638096667,-76.46162898400583
22,0.00042735757647725277,-76.46249082433333,-76.46206346675685
23,0.00042742075623601004,-76.46235236434333,-76.46192494358709
24,0.0004273573140359725,-76.46130022939666,-76.46087287208262
25,0.00042741527395788806,-76.46293003083333,-76.46250261555937
26,0.000427401406024852,-76.45929353068665,-76.45886612928062
27,0.0004273945284230519,-76.46059732192333,-76.4601699273949
28,0.00042741973873499674,-76.46233049198001,-76.46190307224127
29,0.0004274464547301678,-76.46321145231666,-76.46278400586192
30,0.00042741202862597004,-76.46374068411667,-76.46331327208804
31,0.0004274134627375759,-76.46207175336001,-76.46164433989728
32,0.0004273948118367881,-76.46140146729334,-76.4609740724815
33,0.00042734177371082986,-76.45380128546334,-76.45337394368963
34,0.00042738758184374044,-76.45976981394334,-76.4593424263615
35,0.0004273840692222329,-76.46375227993,-76.46332489586078
36,0.00042741415706683657,-76.46238712365,-76.46195970949293
37,0.0004273883037465847,-76.46134031476666,-76.46091292646291
38,0.00042743123267451435,-76.45605601195001,-76.45562858071733
39,0.0004274193258183052,-76.46064428821335,-76.46021686888753
40,0.0004274068840167025,-76.46362050341332,-76.46319309652931
41,0.00042741132678664765,-76.46317723410998,-76.4627498227832
42,0.00042733573120072224,-76.45777974185333,-76.45735240612213
43,0.00042742802740213936,-76.46421625845002,-76.46378883042262
44,0.0004274015227788752,-76.46375370394,-76.46332630241722
45,0.0004273963555456255,-76.45985874774665,-76.4594313513911
46,0.00042739721323097377,-76.45895945101333,-76.4585320538001
47,0.0004273835992877741,-76.46251644781,-76.46208906421072
48,0.00042740339542975684,-76.46370207244999,-76.46327466905456
49,0.00042735677875208234,-76.46055269874668,-76.46012534196792
50,0.00042742174323903514,-76.46267110637665,-76.4622436846334
51,0.0004273235110119995,-76.46008673745,-76.45965941393898
52,0.0004274114215646105,-76.45912374386667,-76.4586963324451
53,0.00042735669138787777,-76.46046302918668,-76.4600356724953
54,0.00042739340648611623,-76.46283517500999,-76.4624077816035
55,0.000427421252731116,-76.46093332315333,-76.46050590190059
56,0.00042735914597161976,-76.46113401967666,-76.46070666053069
57,0.00042737914655695063,-76.46230570801335,-76.46187832886679
58,0.000427401702261844,-76.46136873547,-76.46094133376774
59,0.0004274099360060473,-76.46282873045668,-76.46240132052067
60,0.00042738368724451123,-76.46175106009,-76.46132367640276
61,0.00042740977638743276,-76.46174655078666,-76.46131914101026
62,0.00042739535018382,-76.46279688301334,-76.46236948766315
63,0.00042739298620508414,-76.46277232753667,-76.46234493455046
64,0.00042741292364779194,-76.46200282745002,-76.46157541452638
65,0.0004274408579196415,-76.46387082591998,-76.46344338506206
66,0.000427337309320113,-76.46046873381998,-76.46004139651066
67,0.00042741421432456334,-76.46242773068334,-76.46200031646902
68,0.00042735799056517254,-76.46126600442332,-76.46083864643276
69,0.0004274076400533733,-76.46218609709668,-76.46175868945663
70,0.00042739125926416206,-76.46277611901999,-76.46234872776073
71,0.00042740593919246507,-76.46189669116,-76.46146928522082
72,0.0004273852825188046,-76.46171491669666,-76.46128753141414
73,0.0004274277920754921,-76.45894057395334,-76.45851314616127
74,0.00042743201216590776,-76.46309824645331,-76.46267081444115
75,0.0004274068840167025,-76.46362050341332,-76.46319309652931
76,0.00042740493839920544,-76.46266451048668,-76.46223710554828
77,0.00042740339542975684,-76.46370207244999,-76.46327466905456
78,0.00042741671721742885,-76.46424739044669,-76.46381997372947
79,0.00042743295039463056,-76.46308423875334,-76.46265680580295
80,0.0004274296388629144,-76.45993144944332,-76.45950401980446
81,0.0004274109119653976,-76.46321438774999,-76.46278697683802
82,0.0004274078685998007,-76.46120793598,-76.4607805281114
83,0.0004273967689045414,-76.46080944679332,-76.46038205002442
84,0.0004274057737228783,-76.46106085628001,-76.4606334505063
85,0.00042742232640871755,-76.4630670734,-76.46263965107359
86,0.00042742236990255564,-76.46082945699335,-76.46040203462346
87,0.0004274076663349094,-76.46050577285332,-76.46007836518699
88,0.0004274015115156522,-76.46114000236001,-76.4607126008485
89,0.0004274012561123777,-76.45997740823665,-76.45955000698054
90,0.000427382753361256,-76.46188733995665,-76.46145995720329
91,0.00042743237856125856,-76.46129205400332,-76.46086462162476
92,0.0004273755382763668,-76.46216215822332,-76.46173478268504
93,0.00042737315035364657,-76.46081894710667,-76.46039157395631
94,0.0004273754374934808,-76.46138085816665,-76.46095348272915
95,0.0004274008613698561,-76.46110317945333,-76.46067577859196
96,0.0004273456147695966,-76.46191952091334,-76.46149217529857
97,0.0004273934809736348,-76.45942907362999,-76.45900168014902
98,0.00042741298876377973,-76.46182865133332,-76.46140123834455
99,0.00042742118177571426,-76.4630271644,-76.46259974321823
100,0.0004273914137878333,-76.46135899967,-76.4609316082562
101,0.00042741571360331224,-76.46314676275666,-76.46271934704306
102,0.000427432059946897,-76.46270866372,-76.46228123166004
103,0.00042732039492249593,-76.45961027986336,-76.45918295946844
104,0.00042734967692047924,-76.46072080837,-76.46029345869307
105,0.00042740247092473406,-76.46156938162001,-76.46114197914909
106,0.0004273900351492663,-76.45880125342,-76.45837386338485
107,0.0004273628193266269,-76.46103499466001,-76.46060763184069
108,0.00042736575879899176,-76.46318959566665,-76.46276222990785
109,0.0004273968815474886,-76.46010916635001,-76.45968176946846
110,0.00042736171713951337,-76.46148853278332,-76.46106117106618
111,0.00042737235441716,-76.46342340398,-76.46299603162558
112,0.0004273611773641812,-76.46118968086667,-76.46076231968931
113,0.00042734756264771034,-76.46093512800002,-76.46050778043737
114,0.00042742920960561504,-76.45995012640333,-76.45952269719372
115,0.00042737268460230196,-76.45990877964,-76.4594814069554
116,0.00042739752307748144,-76.46036484006667,-76.45993744254359
117,0.0004273961256322055,-76.45993540899332,-76.45950801286769
118,0.0004273735396917076,-76.46224883990001,-76.46182146636032
119,0.00042742100515756154,-76.46222576163,-76.46179834062484
120,0.00042737093969416005,-76.46321057227668,-76.46278320133699
121,0.0004274221865522927,-76.46049631686334,-76.4600688946768
122,0.0004274280767094321,-76.46118600078002,-76.46075857270331
123,0.00042740627449388115,-76.45847630046335,-76.45804889418885
124,0.0004273843318302191,-76.46181099418999,-76.46138360985816
125,0.0004274528198631787,-76.46066620055,-76.46023874773013
126,0.0004274076530972422,-76.46113923911335,-76.46071183146026
127,0.0004273924252972798,-76.45968758086333,-76.45926018843804
128,0.00042737581915479843,-76.46026017189334,-76.45983279607418
129,0.0004274264303060464,-76.46350438904332,-76.46307696261302
130,0.00042742252250930763,-76.46175463136333,-76.46132720884083
131,0.0004273519630395062,-76.46279155048666,-76.46236419852362
132,0.0004273997412879818,-76.4632911421,-76.46286374235872
133,0.00042739891028383605,-76.46014246394334,-76.45971506503305
134,0.00042734751722245097,-76.46102514368334,-76.46059779616613
135,0.0004274132857954884,-76.46235701509333,-76.46192960180754
136,0.00042737014271310473,-76.46289950155,-76.46247213140728
137,0.0004274281298312231,-76.46346049244333,-76.4630330643135
138,0.00042739799919862395,-76.46143730121,-76.4610099032108
139,0.0004273749464631837,-76.46351829976999,-76.46309092482352
140,0.00042739491299828716,-76.46073245460335,-76.46030505969034
141,0.0004274204670765956,-76.46320297659001,-76.46277555612293
142,0.0004274287706835843,-76.46232454065667,-76.46189711188599
143,0.00042742511481313377,-76.46259583155,-76.4621684064352
144,0.0004274134627375759,-76.46207175336001,-76.46164433989728
145,0.0004274119906497757,-76.45947497422668,-76.45904756223602
146,0.00042739567637601516,-76.45999947979332,-76.45957208411694
147,0.0004273371277708289,-76.46137364986666,-76.46094631273888
148,0.00042741968382070515,-76.46282073113335,-76.46239331144953
149,0.0004274271800952278,-76.46276241281667,-76.46233498563657
150,0.0004273772728615158,-76.46257693178332,-76.46214955451046
151,0.00042742499491755896,-76.46237119615668,-76.46194377116177
152,0.00042736948992250744,-76.46020629536335,-76.45977892587342
153,0.00042736996487404734,-76.46255157473335,-76.46212420476849
154,0.0004273838448280267,-76.46374922025333,-76.46332183640851
155,0.00042741242785007477,-76.45941264460333,-76.45898523217548
156,0.0004274121931359401,-76.46361403523666,-76.46318662304353
157,0.0004273944629592653,-76.46197990464665,-76.4615525101837
158,0.0004274064248786533,-76.46213786128666,-76.46171045486179
159,0.0004273967482154005,-76.46205360871,-76.46162621196177
160,0.00042740777519111555,-76.46297508259667,-76.46254767482148
161,0.0004273714403854776,-76.46081101976333,-76.46038364832295
162,0.0004274217022163061,-76.46326922151333,-76.46284179981112
163,0.0004274260558910989,-76.46289655149332,-76.46246912543742
164,0.0004273535667377702,-76.45974121176,-76.45931385819327
165,0.0004273813422879988,-76.46223870583,-76.46181132448771
166,0.0004273910824922029,-76.46262250877999,-76.46219511769749
167,0.0004274041274615257,-76.46291547119334,-76.46248806706588
168,0.00042741044600908007,-76.46252428433667,-76.46209687389066
169,0.0004274245865186794,-76.46118327077001,-76.46075584618349
170,0.00042739529953802645,-76.46256437277,-76.46213697747046
171,0.00042741766933367294,-76.45892808515666,-76.45850066748733
172,0.0004274102984749111,-76.46380337945,-76.46337596915153
173,0.00042739530120798413,-76.45812714552,-76.4576997502188
174,0.00042736113549962586,-76.46175929161667,-76.46133193048118
175,0.00042740127666778926,-76.46353560592665,-76.46310820464998
176,0.0004273957816373786,-76.46192127133,-76.46149387554836
177,0.0004274123469159032,-76.46185845245002,-76.4614310401031
178,0.00042738595552424243,-76.46378349822999,-76.46335611227447
179,0.00042733979240862314,-76.46126000888667,-76.46083266909426
180,0.00042740478836159165,-76.46324127332,-76.46281386853163
181,0.00042744959066004447,-76.46317235369665,-76.46274490410599
182,0.0004274291320377228,-76.46196996200334,-76.4615425328713
183,0.00042745544480854913,-76.4604372316333,-76.4600097761885
184,0.00042741681953221343,-76.46300580697668,-76.46257839015715
185,0.0004274015493284604,-76.46256856956002,-76.46214116801069
186,0.0004274228645311455,-76.46177560545,-76.46134818258547
187,0.00042739878909426346,-76.46188636767998,-76.46145896889088
188,0.0004273955486726831,-76.45831858243334,-76.45789118688467
189,0.00042748318670287775,-76.46418881734667,-76.46376133415997
190,0.0004273874462284586,-76.46204145553,-76.46161406808378
191,0.0004274083044739516,-76.46142826173333,-76.46100085342886
192,0.00042742465320137545,-76.4624638153533,-76.4620363907001
193,0.0004274215933746753,-76.46175703942,-76.46132961782662
194,0.00042736481358117835,-76.45949774986335,-76.45907038504977
195,0.00042744417720547764,-76.46179971036334,-76.46137226618613
196,0.0004274213524161263,-76.46229567333333,-76.46186825198092
197,0.00042741468160686636,-76.46198316333667,-76.46155574865506
198,0.0004273533414119973,-76.46027181803335,-76.45984446469194
199,0.0004273904356951861,-76.46077510534666,-76.46034771491097
200,0.00042739346971055976,-76.46340766631333,-76.46298027284362
201,0.0004274313704435674,-76.46208407588,-76.46165664450956
202,0.00042739298620508414,-76.46277232753667,-76.46234493455046
203,0.0004274081569547503,-76.46318749250668,-76.46276008434972
204,0.00042738904887991576,-76.46042298267999,-76.4599955936311
205,0.00042741008749440026,-76.46111932639666,-76.46069191630916
206,0.0004274051182337614,-76.46150009030666,-76.46107268518843
207,0.00042737356090867665,-76.46144395067998,-76.46101657711907
208,0.0004274136469103304,-76.45948542788666,-76.45905801423976
209,0.00042742194503184806,-76.46216559043336,-76.46173816848832
210,0.0004273944544855635,-76.46149911635001,-76.46107172189552
211,0.0004274012375594797,-76.46381099326335,-76.46338359202579
212,0.0004274094486437658,-76.46176371047333,-76.46133630102469
213,0.00042741687607975227,-76.45967583340665,-76.45924841653057
214,0.0004273805888404486,-76.45834887849334,-76.4579214979045
215,0.00042737112515320064,-76.46082413534667,-76.46039676422151
216,0.0004273521429108118,-76.46074264129668,-76.46031528915377
217,0.0004273712228676442,-76.45799789879669,-76.45757052757382
218,0.00042741453403424547,-76.45879397580666,-76.45836656127263
219,0.000427389999531194,-76.46201720578,-76.46158981578047
220,0.0004273934475801148,-76.45992590220666,-76.45949850875908
221,0.00042740249054166226,-76.46188855982668,-76.46146115733613
222,0.0004274097794640499,-76.46242048372666,-76.4619930739472
223,0.0004274515998391563,-76.46118994814334,-76.46076249654351
224,0.0004273986877611223,-76.46062627511333,-76.46019887642557
225,0.00042740448619421427,-76.46110687807666,-76.46067947359047
226,0.0004274316422635997,-76.46034190491999,-76.45991447327772
227,0.00042743911387980353,-76.46261594433666,-76.46218850522278
228,0.00042741288362968104,-76.46011145365333,-76.4596840407697
229,0.0004274217022163061,-76.46326922151333,-76.46284179981112
230,0.0004273906484781922,-76.46176509309,-76.46133770244151
231,0.00042743311864086277,-76.46292742535334,-76.4624999922347
232,0.00042741138361328214,-76.46276509664334,-76.46233768525973
233,0.00042741980485713836,-76.46275889177669,-76.46233147197184
234,0.00042735766455589323,-76.46177803522002,-76.46135067755547
235,0.00042741546224108726,-76.46180989713666,-76.46138248167442
236,0.0004274065299368349,-76.46259360860668,-76.46216620207674
237,0.0004274000380903727,-76.46041553489667,-76.45998813485858
238,0.0004273910752230508,-76.45974052653999,-76.45931313546477
239,0.00042744402394392044,-76.4632087938,-76.46278134977607
240,0.00042739999174072515,-76.46247867291666,-76.46205127292492
241,0.0004273832410565609,-76.46307508528001,-76.46264770203895
242,0.00042739278097279405,-76.45880256239,-76.45837516960903
243,0.00042742580998326334,-76.46311032546001,-76.46268289965002
244,0.0004273384258594582,-76.45789978185668,-76.45747244343082
245,0.0004274005809370482,-76.46286626534332,-76.46243886476239
246,0.0004274012561123777,-76.45997740823665,-76.45955000698054
247,0.0004273831158542608,-76.46176644657665,-76.4613390634608
248,0.0004274304857656588,-76.46032205298334,-76.45989462249757
249,0.000427420910445422,-76.46335240732998,-76.46292498641954
250,0.00042739979728863807,-76.45931132920667,-76.45888392940938
251,0.00042739081920568586,-76.46240612412335,-76.46197873330414
252,0.0004273895159104349,-76.4594755281,-76.4590481385841
253,0.0004274116599978074,-76.46266321133,-76.46223579967
254,0.0004274350931786806,-76.46114673228999,-76.46071929719682
255,0.00042742630099863,-76.4601872451,-76.459759818799
256,0.0004273385458187833,-76.46128554181999,-76.46085820327417
257,0.00042735388303507193,-76.45998912438999,-76.45956177050695
258,0.0004274054560973136,-76.46389468179,-76.4634672763339
259,0.0004274069070632478,-76.46300347599335,-76.46257606908628
260,0.00042739050373555645,-76.45974297222331,-76.45931558171958
261,0.0004273959785260544,-76.46358044311,-76.46315304713148
262,0.0004273542255409778,-76.46108601154,-76.46065865731447
263,0.0004274027708668288,-76.46268829669665,-76.46226089392579
264,0.0004274155444799506,-76.46295365499665,-76.46252623945217
265,0.000427425182146905,-76.46034231867334,-76.45991489349119
266,0.00042738460623634476,-76.46284059992333,-76.46241321531708
267,0.00042741872493380227,-76.46367111404334,-76.4632436953184
268,0.0004274269970481316,-76.46239743478,-76.46197000778295
269,0.0004273807046973563,-76.46318667192,-76.4627592912153
270,0.00042741476975524293,-76.46241043588665,-76.4619830211169
271,0.00042740378370038733,-76.46284626685,-76.46241886306629
272,0.00042733060310875837,-76.46180282702332,-76.46137549642022
273,0.0004273917043292012,-76.45969866347998,-76.45927127177565
274,0.000427432448778685,-76.46122101391666,-76.46079358146788
275,0.0004274095134366717,-76.45931280980669,-76.45888540029325
276,0.0004274143546877645,-76.46206887898332,-76.46164146462863
277,0.0004273969173147689,-76.46298517232,-76.46255777540269
278,0.0004274181103700618,-76.46266974420999,-76.46224232609961
279,0.0004274027708668288,-76.46268829669665,-76.46226089392579
280,0.00042738845716921954,-76.46078265303666,-76.46035526457949
281,0.00042740859171960463,-76.46172348861334,-76.46129608002163
282,0.00042741391491679854,-76.46240915135668,-76.46198173744176
283,0.0004273809677506617,-76.46288655275667,-76.46245917178892
284,0.0004273997412879818,-76.4632911421,-76.46286374235872
285,0.0004273903031286033,-76.45976868837667,-76.45934129807354
286,0.00042744040042075337,-76.46263513477334,-76.46220769437292
287,0.000427377941732808,-76.46332719016667,-76.46289981222493
288,0.0004274553794165716,-76.46187613776002,-76.46144868238059
289,0.0004274159216320222,-76.46202660405334,-76.4615991881317
290,0.0004274114414101149,-76.46317539555335,-76.46274798411194
291,0.0004274025998755239,-76.46224077000998,-76.4618133674101
292,0.00042739931101711546,-76.45771488556666,-76.45728748625564
293,0.00042737929065388055,-76.46289578180333,-76.46246840251267
294,0.00042741958439059154,-76.46272656036,-76.4622991407756
295,0.000427414460170161,-76.46174909089335,-76.46132167643317
296,0.0004274064266750622,-76.46407525966998,-76.4636478532433
297,0.0004274369047088446,-76.46287735606,-76.46244991915529
298,0.00042740601346581887,-76.46142290387,-76.46099549785653
299,0.0004273849921895226,-76.46204453815668,-76.46161715316448
300,0.0004273914272170527,-76.46128865915666,-76.46086126772944
301,0.0004273945920790238,-76.45879627795667,-76.45836888336459
302,0.00042738761464771835,-76.46199527765998,-76.46156789004533
303,0.0004274167964008588,-76.46307205976665,-76.46264464297025
304,0.00042738833843193374,-76.46099227214333,-76.46056488380489
305,0.00042741161464626573,-76.46317125762334,-76.46274384600869
306,0.0004273754955948092,-76.46219151326001,-76.46176413776442
307,0.00042741743422800563,-76.46155335948335,-76.46112594204912
308,0.0004274167917784935,-76.46223132280332,-76.46180390601154
309,0.0004273994292547154,-76.46255651603668,-76.46212911660743
310,0.00042739724307799625,-76.45944451147999,-76.45901711423691
311,0.00042736972506297925,-76.46044470893668,-76.46001733921162
312,0.0004273802840734735,-76.46328565475666,-76.46285827447258
313,0.00042743441100098376,-76.46236428985667,-76.46193685544567
314,0.00042730149217581746,-76.45838134812668,-76.4579540466345
315,0.000427417759730531,-76.46152946337666,-76.46110204561694
316,0.00042742576905558614,-76.46310678662,-76.46267936085094
317,0.00042737014271310473,-76.46289950155,-76.46247213140728
318,0.00042744276513176734,-76.46386166232334,-76.46343421955821
319,0.00042741611095318974,-76.46170340746335,-76.4612759913524
320,0.0004274295556108417,-76.46258816168333,-76.46216073212771
321,0.00042738804677619827,-76.46198038100002,-76.46155299295324
322,0.00042738282303737374,-76.45810983012001,-76.45768244729697
323,0.0004274127480609728,-76.46255252073,-76.46212510798193
324,0.00042740328451447906,-76.46342203085666,-76.46299462757214
325,0.000427413763495082,-76.45931336800001,-76.45888595423652
326,0.00042737140956970683,-76.46095270171,-76.46052533030043
327,0.00042741465538764377,-76.46307484887332,-76.46264743421793
328,0.0004274098218465848,-76.46163660587334,-76.46120919605148
329,0.0004274006409304272,-76.46258925946667,-76.46216185882574
330,0.00042740601346581887,-76.46142290387,-76.46099549785653
331,0.00042742035737941233,-76.46189915419333,-76.46147173383595
332,0.00042736341991012034,-76.46328880818666,-76.46286144476674
333,0.0004274164799000545,-76.45759951561,-76.4571720991301
334,0.0004273911873009157,-76.46129839726667,-76.46087100607937
335,0.00042741578245842525,-76.46059977118999,-76.46017235540754
336,0.0004274244858465275,-76.46091933619667,-76.46049191171082
337,0.0004272981882247121,-76.45825581757335,-76.45782851938512
338,0.00042738925263343584,-76.46190982120335,-76.46148243195071
339,0.00042740074240263815,-76.45916880513666,-76.45874140439426
340,0.00042739649518124494,-76.45933940447999,-76.45891200798481
341,0.0004274007031717962,-76.46381694823,-76.46338954752683
342,0.0004274078436863871,-76.45963583932334,-76.45920843147965
343,0.0004274289660144424,-76.46214730104334,-76.46171987207732
344,0.00042736406225949846,-76.46042976143667,-76.46000239737441
345,0.00042736586003331163,-76.46123293944665,-76.46080557358661
346,0.0004274262067825432,-76.46363656297333,-76.46320913676655
347,0.00042742763201948105,-76.46311465777002,-76.462687230138
348,0.00042741437487341436,-76.45777880513334,-76.45735139075848
349,0.0004274518774806877,-76.46167596088331,-76.46124850900583
350,0.00042741136264794693,-76.46389105832333,-76.46346364696068
351,0.000427400086559978,-76.46019529405,-76.45976789396343
352,0.0004274253418848247,-76.46024606236001,-76.45981863701813
353,0.0004274034950162357,-76.45891256075335,-76.45848515725834
354,0.0004274019628642732,-76.46287995169665,-76.46245254973378
355,0.0004274055171384904,-76.46103926070333,-76.46061185518619
356,0.00042739178711149805,-76.46243977850665,-76.46201238671954
357,0.00042741802086319826,-76.46231954558002,-76.46189212755915
358,0.0004274464547301678,-76.46321145231666,-76.46278400586192
359,0.0004273560017296009,-76.45828927821331,-76.45786192221159
360,0.0004274146090686543,-76.45733858307997,-76.45691116847091
361,0.0004274213283364313,-76.46032983056998,-76.45990240924164
362,0.00042737632964349933,-76.46185287219001,-76.46142549586037
363,0.0004274100023119187,-76.46295222090666,-76.46252481090434
364,0.0004274024482163842,-76.46259246866,-76.4621650662118
365,0.00042745264125258596,-76.46119101441334,-76.4607635617721
366,0.0004273595432337006,-76.46178068095668,-76.46135332141344
367,0.00042736508087032706,-76.46245282730334,-76.46202546222247
368,0.0004274054338428374,-76.46083541220668,-76.46040800677284
369,0.000427352826960909,-76.45898999398668,-76.45856264115972
370,0.0004273867502644663,-76.46048776507,-76.46006037831974
371,0.00042737744514280613,-76.46146450046334,-76.46103712301819
372,0.00042742422462541314,-76.46244604512,-76.46201862089538
373,0.0004274293034987496,-76.46349104981667,-76.46306362051317
374,0.00042742311805213715,-76.45982016471335,-76.4593927415953
375,0.0004273806310840215,-76.46126940290667,-76.46084202227559
376,0.0004274191212275742,-76.46190524680667,-76.46147782768544
377,0.0004274316150883299,-76.46412699292667,-76.46369956131157
378,0.0004274172149939634,-76.46170668597001,-76.46127926875502
379,0.0004274350436530604,-76.46174858631001,-76.46132115126636
380,0.000427387586452904,-76.46197238148332,-76.46154499389687
381,0.000427374106211458,-76.46126282902333,-76.46083545491712
382,0.00042738836828378444,-76.46340520969333,-76.46297782132505
383,0.0004274151196840913,-76.45941571670001,-76.45898830158032
384,0.00042738732685230574,-76.46232956587666,-76.4619021785498
385,0.0004273978190057912,-76.46198728432334,-76.46155988650433
386,0.0004273631047344243,-76.46098890623001,-76.46056154312528
387,0.00042740463190983136,-76.46053314413666,-76.46010573950475
388,0.000427421293445669,-76.46263999301333,-76.46221257171987
389,0.0004274101842133918,-76.45893705479334,-76.45850964460912
390,0.0004274117753879931,-76.46224445838332,-76.46181704660793
391,0.0004274312565607615,-76.46437458628667,-76.46394715503011
392,0.0004273625127069846,-76.45921147101997,-76.45878410850726
393,0.0004273010984029269,-76.45999832512001,-76.45957102402161
394,0.00042736645013972794,-76.46296735349668,-76.46253998704654
395,0.00042742232852044484,-76.46298611942667,-76.46255869709816
396,0.00042740638687002085,-76.46262716254334,-76.46219975615647
397,0.0004274192761462169,-76.46013929116333,-76.45971187188718
398,0.00042742954895705197,-76.46056965547,-76.46014222592103
399,0.0004274092700319686,-76.46091510070667,-76.46048769143664
400,0.0004274002578040027,-76.46337497274665,-76.46294757248884
401,0.0004274207024647103,-76.45910928815667,-76.4586818674542
402,0.0004273163846824458,-76.46040471926335,-76.45997740287866
403,0.0004274325917194478,-76.46385216053335,-76.46342472794163
404,0.000427379653982582,-76.46336058173665,-76.46293320208267
405,0.00042741181541866796,-76.46180012887334,-76.46137271705791
406,0.0004274085455814697,-76.46046329149334,-76.46003588294776
407,0.00042742599805138654,-76.46218399519667,-76.46175656919861
408,0.00042739523447634677,-76.46287905939333,-76.46245166415885
409,0.00042735928075790026,-76.45925159302998,-76.45882423374921
410,0.00042741980485713836,-76.46275889177669,-76.46233147197184
411,0.0004273927124361772,-76.46199703145,-76.46156963873756
412,0.00042740813423420594,-76.46085573340666,-76.46042832527243
413,0.0004273867502644663,-76.46048776506667,-76.46006037831641
414,0.0004273917957580318,-76.45953819445668,-76.45911080266093
415,0.0004274356613377046,-76.46314905937668,-76.46272162371534
416,0.0004273979283470043,-76.46114096120667,-76.46071356327832
417,0.0004273953357123988,-76.46121282692002,-76.46078543158431
418,0.0004273938372321878,-76.46313197698,-76.46270458314277
419,0.0004273587023161118,-76.46182447227001,-76.4613971135677
420,0.00042742803928530216,-76.46254364469334,-76.46211621665405
421,0.00042741625240584846,-76.46421172140666,-76.46378430515425
422,0.00042737112515320064,-76.46082413534667,-76.46039676422151
423,0.0004273872980924514,-76.46088085325668,-76.4604534659586
424,0.0004274311226408518,-76.46188826880666,-76.46146083768402
425,0.00042742131785036597,-76.46255022877334,-76.46212280745549
426,0.00042738555935993886,-76.4638611942,-76.46343380864064
427,0.0004274014096184921,-76.46126229030666,-76.46083488889704
428,0.00042742784361563224,-76.46198037790002,-76.4615529500564
429,0.00042737672385740553,-76.46379763984332,-76.46337026311946
430,0.00042741705303336744,-76.46153794218334,-76.46111052513031
431,0.00042738265804981095,-76.46245729227667,-76.46202990961862
432,0.00042738953678316194,-76.46398664017667,-76.46355925063989
433,0.000427412482456054,-76.46326250307001,-76.46283509058756
434,0.00042739135394626536,-76.45861191930334,-76.45818452794938
435,0.0004274105526328337,-76.46150680921667,-76.46107939866404
436,0.00042734878334563513,-76.46065854092667,-76.46023119214333
437,0.0004274152732300914,-76.46291244627,-76.46248503099676
438,0.00042739978273651896,-76.46276954681667,-76.46234214703394
439,0.00042741554743440727,-76.45798366447667,-76.45755624892924
440,0.00042741356401386493,-76.46244609489001,-76.462018681326
441,0.0004274092270965847,-76.46154452941333,-76.46111712018623
442,0.00042733537190068856,-76.46009449854667,-76.45966716317477
443,0.0004274223511510811,-76.46308084740332,-76.46265342505217
444,0.00042739103799463966,-76.45935042206,-76.45892303102201
445,0.0004273945173204035,-76.46129366465999,-76.46086627014267
446,0.0004273695598422595,-76.46315468136332,-76.46272731180348
447,0.0004273929397290805,-76.46222270399666,-76.46179531105693
448,0.00042739952263856477,-76.46077476326667,-76.46034736374403
449,0.00042743050221868257,-76.46062878516665,-76.46020135466443
450,0.00042740450082528894,-76.46037064178668,-76.45994323728586
451,0.0004273920696638319,-76.46060351115999,-76.46017611909032
452,0.0004273769594667244,-76.46265076055,-76.46222338359054
453,0.00042741453403424547,-76.45879397580332,-76.45836656126929
454,0.0004273755382763668,-76.46216215822332,-76.46173478268504
455,0.00042743146616419485,-76.46376655741668,-76.46333912595051
456,0.00042739181266363024,-76.4606979439,-76.46027055208734
457,0.00042741457034216134,-76.46318588458,-76.46275847000966
458,0.00042743406728700217,-76.4617941654,-76.4613667313327
459,0.0004274106554522302,-76.45894271525665,-76.4585153046012
460,0.0004274281817176506,-76.46072062537334,-76.46029319719162
461,0.00042742670229382375,-76.46161855136333,-76.46119112466104
462,0.0004274113837014508,-76.46299625513667,-76.46256884375298
463,0.0004273782410343408,-76.45885019630333,-76.4584228180623
464,0.00042742862044531686,-76.46009922765,-76.45967179902956
465,0.00042740886291190567,-76.46093393817333,-76.46050652931041
466,0.0004274100482810224,-76.46310201058333,-76.46267460053505
467,0.00042737248300885646,-76.46366345144664,-76.46323607896363
468,0.00042738733901512906,-76.46122032873667,-76.46079294139766
469,0.00042737323085122907,-76.46014725559002,-76.45971988235917
470,0.00042740188298031993,-76.46135892747334,-76.46093152559037
471,0.000427420821921548,-76.46393033005332,-76.4635029092314
472,0.0004273960356705736,-76.46155966027,-76.46113226423432
473,0.0004274553641033913,-76.46120627998333,-76.46077882461923
474,0.0004274107147543934,-76.46231227100667,-76.46188486029192
475,0.0004273870673565485,-76.46139834903667,-76.46097096196931
476,0.0004273852347694335,-76.46204322231333,-76.46161583707855
477,0.0004273371810655948,-76.45843807427669,-76.45801073709562
478,0.0004273932658336522,-76.46020122331667,-76.45977383005084
479,0.0004273881290666645,-76.46197084844667,-76.4615434603176
480,0.00042744317767685235,-76.46260320359335,-76.46217576041568
481,0.00042741640941677323,-76.46364721873333,-76.4632198023239
482,0.00042742474057618255,-76.46068100552334,-76.46025358078276
483,0.0004273987719334075,-76.45971083249333,-76.4592834337214
484,0.0004273636251692019,-76.45863644201334,-76.45820907838818
485,0.00042743897793511216,-76.46395555324666,-76.46352811426873
486,0.00042740642759971385,-76.45808559725666,-76.45765819082905
487,0.0004274050565180176,-76.45922727707999,-76.45879987202348
488,0.000427454245845123,-76.46360542750332,-76.46317797325747
489,0.00042742250635003926,-76.46232826908002,-76.46190084657367
490,0.00042738436944631854,-76.46017851119333,-76.45975112682389
491,0.00042742825565549313,-76.46353886215,-76.46311143389434
492,0.00042741702908153387,-76.46402518804666,-76.46359777101758
493,0.00042739427827459336,-76.46141818494668,-76.4609907906684
494,0.0004273940905854845,-76.46164013972333,-76.46121274563275
495,0.0004274145851273366,-76.46206407099668,-76.46163665641154
496,0.0004273992343076187,-76.46253202531665,-76.46210462608234
497,0.00042740886460239765,-76.46057812503,-76.4601507161654
498,0.00042740706244494395,-76.46278372352666,-76.46235631646421
499,0.0004273881292561871,-76.46186647612666,-76.4614390879974
500,0.00042738005193834104,-76.460437431,-76.46001005094807
501,0.00042743441100098376,-76.46236428985667,-76.46193685544567
502,0.0004274006412820544,-76.46119302162332,-76.46076562098203
503,0.00042740256171451633,-76.46292076160333,-76.46249335904162
504,0.00042739142665581783,-76.46164111154002,-76.46121372011336
505,0.00042743898918872717,-76.46401439390002,-76.46358695491082
506,0.0004274035811710195,-76.46008492527669,-76.45965752169552
507,0.00042741225197229866,-76.45896519589668,-76.45853778364472
508,0.000427390638766195,-76.46260193779334,-76.46217454715458
509,0.00042737185569999807,-76.46308633379333,-76.46265896193763
510,0.00042739436861685985,-76.46370791063667,-76.46328051626806
511,0.00042741992533696076,-76.46256090720665,-76.46213348728132
512,0.0004273964451574983,-76.46200766695334,-76.46158027050818
513,0.0004274472186425154,-76.46067794633335,-76.46025049911471
514,0.00042739931101711546,-76.45771488556666,-76.45728748625564
515,0.0004274491035073048,-76.46110358746667,-76.46067613836316
516,0.0004274070771110471,-76.45664690215334,-76.45621949507623
517,0.0004274119906497757,-76.45947497422668,-76.45904756223602
518,0.0004273851013883222,-76.46247675579333,-76.46204937069194
519,0.00042744983569359234,-76.46179110432999,-76.46136365449429
520,0.00042741659257354716,-76.46234346018,-76.46191604358742
521,0.0004273914768861897,-76.46035266057,-76.4599252690931
522,0.0004273355833613559,-76.45947297457998,-76.45904563899661
523,0.000427402991200723,-76.46383562676,-76.4634082237688
524,0.0004273931363249647,-76.46024471561333,-76.45981732247701
525,0.00042743902199794594,-76.46280934465668,-76.46238190563467
526,0.0004273788575281748,-76.46101292676664,-76.46058554790912
527,0.0004274080302740421,-76.45681904741,-76.45639163937972
528,0.0004273821294021956,-76.46218026197332,-76.46175287984391
529,0.00042741082952110597,-76.46281854159669,-76.46239113076717
530,0.00042738927511466463,-76.46357224321333,-76.46314485393822
531,0.00042740277192199926,-76.463555989,-76.46312858622808
532,0.0004273501069692103,-76.46014705004667,-76.4597196999397
533,0.00042736422557290536,-76.45943527953999,-76.45900791531442
534,0.0004274769411907175,-76.46368813671333,-76.46326065977215
535,0.0004273996120235362,-76.46171933906334,-76.46129193945131
536,0.0004273930942361644,-76.45861490786001,-76.45818751476577
537,0.0004273726790974708,-76.46076568222,-76.4603383095409
538,0.0004274119805244799,-76.46041465070333,-76.4599872387228
539,0.00042737373314479784,-76.46316493080667,-76.46273755707352
540,0.0004273998485400648,-76.45977745415001,-76.45935005430148
541,0.0004273667706210488,-76.46237803384666,-76.46195066707604
542,0.0004273820896284227,-76.46172144021668,-76.46129405812705
543,0.00042742716892890995,-76.46067559596331,-76.46024816879438
544,0.00042732234143321064,-76.46188641539666,-76.46145909305523
545,0.00042739762165852396,-76.46189548141666,-76.461468083795
546,0.00042739971192628417,-76.46111656339333,-76.46068916368141
547,0.00042743904568701894,-76.46080759025668,-76.460380151211
548,0.000427407837519666,-76.46264460896002,-76.4622172011225
549,0.0004274121931359401,-76.46361403523666,-76.46318662304353
550,0.00042737373564267274,-76.46119912425667,-76.46077175052102
551,0.00042742650339231715,-76.46354977678334,-76.46312235027995
552,0.0004274002231366977,-76.46210255588,-76.46167515565686
553,0.0004274427756104429,-76.46188921877,-76.46146177599438
554,0.0004273841119251159,-76.46228558551667,-76.46185820140474
555,0.0004274041274615257,-76.46291547119,-76.46248806706254
556,0.00042737640269917076,-76.46252219063,-76.4620948142273
557,0.0004273933397874533,-76.46353593445,-76.4631085411102
558,0.0004274218646345869,-76.45933976740668,-76.45891234554205
559,0.0004274316422635997,-76.46034190491999,-76.45991447327772
560,0.0004273698057625069,-76.46120221509666,-76.4607748452909
561,0.00042742839433676614,-76.46297998883333,-76.462552560439
562,0.0004274080302740421,-76.45681904741333,-76.45639163938306
563,0.00042741296165652677,-76.46266038747333,-76.46223297451168
564,0.0004273730104942682,-76.46110122673667,-76.46067385372618
565,0.00042740599665905444,-76.46325029585665,-76.46282288985999
566,0.00042742848436690725,-76.46226585855666,-76.46183843007229
567,0.00042737728420792537,-76.46207600456334,-76.46164862727913
568,0.00042742986403392953,-76.46099914036333,-76.4605717104993
569,0.0004273824448924218,-76.45881195309998,-76.45838457065508
570,0.00042739926378842466,-76.46179803797001,-76.46137063870623
571,0.0004273881290666645,-76.46197084844667,-76.4615434603176
572,0.0004273463768021214,-76.46114540308332,-76.46071805670653
573,0.00042737329895226755,-76.46160207065333,-76.46117469735438
574,0.00042740335122720365,-76.46368360723667,-76.46325620388545
575,0.000427401497970948,-76.46163985492002,-76.46121245342205
576,0.00042731114254416336,-76.46088726402667,-76.46045995288412
577,0.00042739376678166364,-76.45926532360001,-76.45883792983322
578,0.0004273599703044321,-76.46111026679667,-76.46068290682636
579,0.00042743408042474616,-76.46301676439333,-76.46258933031291
580,0.00042730149217581746,-76.45838134812668,-76.4579540466345
581,0.00042742495127408634,-76.46197762262,-76.46155019766873
582,0.00042744061415875615,-76.46233361981668,-76.46190617920251
583,0.00042741537734684014,-76.46318247565,-76.46275506027266
584,0.0004274231182340235,-76.46045076597001,-76.46002334285177
585,0.0004273996944225841,-76.46246403392665,-76.46203663423223
586,0.00042742822295117715,-76.46049864354333,-76.46007121532038
587,0.00042741025752967497,-76.46148653131998,-76.46105912106245
588,0.00042738392469325283,-76.45950473898667,-76.45907735506198
589,0.0004273940727012619,-76.45885357840334,-76.45842618433063
590,0.00042734200541437244,-76.46091673801,-76.46048939600459
591,0.0004274225436084094,-76.46314324512333,-76.46271582257972
592,0.0004274025433993248,-76.46271708731001,-76.46228968476662
593,0.00042732956409611303,-76.46162164357335,-76.46119431400926
594,0.00042742862044531686,-76.46009922765,-76.45967179902956
595,0.00042735799056517254,-76.46126600441998,-76.46083864642942
596,0.00042740662242878594,-76.46167923910333,-76.4612518324809
597,0.0004274273981240536,-76.46262109623333,-76.46219366883521
598,0.0004273661100089933,-76.46254359266332,-76.46211622655332
599,0.00042739578971515667,-76.46063534364335,-76.46020794785363
600,0.0004274104188420378,-76.46167473914998,-76.46124732873115
601,0.0004273810306668675,-76.46289990809667,-76.46247252706601
602,0.0004273563642335868,-76.46136784392665,-76.46094048756243
603,0.0004273524581420037,-76.45910058307668,-76.45867323061853
604,0.00042740521046250924,-76.46273067771335,-76.4623032725029
605,0.0004274230830835222,-76.46098220622335,-76.46055478314027
606,0.0004274028123773086,-76.45856251000332,-76.45813510719094
607,0.0004273863317121982,-76.46232584453668,-76.46189845820497
608,0.0004273744982326526,-76.46242508651997,-76.46199771202174
609,0.0004274254366886666,-76.45839671794333,-76.45796929250665
610,0.00042741197098919057,-76.46225591026668,-76.46182849829569
611,0.00042738030116948057,-76.46211143374335,-76.46168405344217
612,0.000427408521790483,-76.46207903732001,-76.46165162879822
613,0.00042741245073906007,-76.46305455589999,-76.46262714344925
614,0.00042739233205113584,-76.46164475231667,-76.46121735998462
615,0.0004273741085597971,-76.46025792471669,-76.45983055060813
616,0.00042742976664897857,-76.46288282860665,-76.46245539884
617,0.0004273606469162508,-76.45976076474999,-76.45933340410308
618,0.0004274079917819167,-76.46059507217001,-76.46016766417823
619,0.00042739933203153477,-76.46175470104336,-76.46132730171134
620,0.0004273895423699525,-76.46275781967,-76.46233043012764
621,0.00042734986676468833,-76.46111035842665,-76.46068300855988
622,0.0004273893846765277,-76.46071634436333,-76.46028895497865
623,0.0004274296999202741,-76.46079567009333,-76.46036824039341
624,0.0004274165116667765,-76.46256544956334,-76.46213803305167
625,0.00042741100478781277,-76.45952382628334,-76.45909641527855
626,0.00042737030867923717,-76.46225769788998,-76.4618303275813
627,0.00042739909258029273,-76.46144443491669,-76.4610170358241
628,0.0004273744700492701,-76.46252356644001,-76.46209619196996
629,0.000427379653982582,-76.46336058173665,-76.46293320208267
630,0.000427400064822411,-76.46249896658667,-76.46207156652184
631,0.00042740308506914474,-76.46337073549667,-76.4629433324116
632,0.0004273929397290805,-76.46222270399332,-76.46179531105359
633,0.0004273254467532425,-76.46166364032665,-76.4612363148799
634,0.00042745268254507155,-76.46410263342666,-76.46367518074412
635,0.0004274187520097134,-76.46256383004668,-76.46213641129467
636,0.00042738451051603185,-76.46173454842665,-76.46130716391613
637,0.0004274094678303982,-76.45825565805666,-76.45782824858883
638,0.0004274159113380503,-76.45962906467668,-76.45920164876534
639,0.00042739451932842564,-76.46108362784666,-76.46065623332733
640,0.00042743510310817693,-76.46296056957334,-76.46253313447023
641,0.00042743330953505477,-76.46363522848,-76.46320779517046
642,0.000427400096847796,-76.4615173033,-76.46108990320315
643,0.0004273704050889028,-76.46257643201334,-76.46214906160824
644,0.0004273978786526829,-76.46262343767333,-76.46219603979468
645,0.00042739672027819123,-76.46091241738333,-76.46048502066304
646,0.00042739655106983806,-76.46214317252665,-76.46171577597558
647,0.00042740039779603367,-76.46030183717998,-76.45987443678219
648,0.0004274352103992122,-76.46190174968334,-76.46147431447294
649,0.00042738005193834104,-76.460437431,-76.46001005094807
650,0.00042739762878536843,-76.46168150953334,-76.46125411190455
651,0.00042738925263343584,-76.46190982120335,-76.46148243195071
652,0.0004273909579570083,-76.46356749822,-76.46314010726205
653,0.00042742828981463387,-76.46108047681999,-76.46065304853018
654,0.00042738737761350296,-76.46140694623666,-76.46097955885905
655,0.00042742599805138654,-76.46218399519667,-76.46175656919861
656,0.00042741782407255794,-76.46236620354665,-76.46193878572258
657,0.00042740435757289186,-76.46167155045332,-76.46124414609575
658,0.00042738123298933486,-76.46090517775333,-76.46047779652034
659,0.0004274071184704097,-76.46378129665666,-76.4633538895382
660,0.00042740632484644116,-76.46270264507667,-76.46227523875183
661,0.0004273910824922029,-76.46262250877999,-76.46219511769749
662,0.0004273861985851014,-76.46038684552335,-76.45995945932476
663,0.000427411812311522,-76.46289224657669,-76.46246483476438
664,0.00042736353931712486,-76.45900218511001,-76.45857482157069
665,0.0004273973555207723,-76.45896937799999,-76.45854198064447
666,0.0004273913920966504,-76.46084399811333,-76.46041660672124
667,0.0004274170297925418,-76.46303562221333,-76.46260820518353
668,0.00042743161502703964,-76.46051371006666,-76.46008627845164
669,0.0004273923490075452,-76.46276150200667,-76.46233410965766
670,0.00042741393435713785,-76.46147113725667,-76.4610437233223
671,0.0004274109937510414,-76.45430329238334,-76.45387588138959
672,0.00042742111181079726,-76.46230609101335,-76.46187866990154
673,0.00042741246968143904,-76.46088750173001,-76.46046008926034
674,0.0004273357231691535,-76.45964009885665,-76.45921276313348
675,0.0004273772158985898,-76.45810415917332,-76.45767678195742
676,0.0004274020838149538,-76.45947520362,-76.45904780153619
677,0.0004274074850905537,-76.46165277313334,-76.46122536564825
678,0.00042733579253389646,-76.46071472641,-76.46028739061747
679,0.0004273853876778109,-76.46202394375,-76.46159655836232
680,0.000427382484847764,-76.46107653205668,-76.46064914957184
681,0.0004273884059877771,-76.46267416283999,-76.462246774434
682,0.00042741621688460713,-76.46426540755334,-76.46383799133646
683,0.0004274272645266839,-76.46353719506,-76.46310976779547
684,0.0004274345044623382,-76.46169832318334,-76.46127088867888
685,0.0004273994089548439,-76.46152391137666,-76.46109651196771
686,0.00042741021985524087,-76.46268404902666,-76.4622566388068
687,0.0004274287275616314,-76.45877030620001,-76.45834287747245
688,0.00042733582573882794,-76.46095834091999,-76.46053100509425
689,0.0004273723460371022,-76.45943399646667,-76.45900662412063
690,0.00042736579600343203,-76.46243307413002,-76.46200570833402
691,0.00042733979240862314,-76.46126000888667,-76.46083266909426
692,0.0004274071364512608,-76.46135733829334,-76.46092993115688
693,0.00042737823333506607,-76.4604029096,-76.45997553136667
694,0.00042742695705425877,-76.46090845792666,-76.4604810309696
695,0.0004274234527939408,-76.46457759866,-76.46415017520721
696,0.00042740968754670014,-76.46230751463666,-76.46188010494912
697,0.00042742232313603356,-76.46251240699665,-76.46208498467351
698,0.0004273560237408032,-76.46023753970667,-76.45981018368293
699,0.00042742843457774677,-76.46195917121666,-76.46153174278209
700,0.00042738370964122294,-76.46269058322001,-76.46226319951037
701,0.0004274019466043835,-76.46143505111334,-76.46100764916673
702,0.000427378042693531,-76.46182578826333,-76.46139841022064
703,0.0004274147221185793,-76.46348496663,-76.46305755190788
704,0.0004274438466179428,-76.46363196507333,-76.46320452122671
705,0.0004274086328859603,-76.46145964527666,-76.46103223664377
706,0.00042738454010531876,-76.45790044813334,-76.45747306359324
707,0.00042738808337352397,-76.45914738314667,-76.4587199950633
708,0.00042740677622830377,-76.46233018998667,-76.46190278321045
709,0.0004273932475181528,-76.46253631314,-76.46210891989249
710,0.0004273806034244381,-76.46321482222334,-76.46278744161991
711,0.0004273812136204135,-76.46244054877667,-76.46201316756304
712,0.0004274093032783925,-76.46279471034669,-76.4623673010434
713,0.00042742442746814354,-76.46330621579334,-76.46287879136587
714,0.00042741635835471544,-76.46120624975332,-76.46077883339497
715,0.00042741221029279046,-76.46318979288665,-76.46276238067635
716,0.00042732668418260294,-76.46020510221666,-76.45977777553247
717,0.00042737972632508447,-76.45859911616667,-76.45817173644035
718,0.0004274203322155202,-76.46249899329332,-76.46207157296111
719,0.00042743717536579894,-76.45983450851332,-76.45940707133796
720,0.0004274271644842316,-76.46079920697333,-76.46037177980885
721,0.0004274005809370482,-76.46286626534332,-76.46243886476239
722,0.0004273573140359725,-76.46130022939666,-76.46087287208262
723,0.0004273621326791187,-76.46219555057665,-76.46176818844397
724,0.0004273862957702165,-76.46254237608998,-76.46211498979422
725,0.0004274112836682283,-76.46016302933666,-76.45973561805299
726,0.00042744234134211196,-76.46073914797333,-76.46031170563198
727,0.0004273410837770244,-76.45401255785,-76.45358521676623
728,0.0004273709566976532,-76.45962063883334,-76.45919326787664
729,0.00042742114152461883,-76.46267700167667,-76.46224958053514
730,0.00042735467710248624,-76.46184618552665,-76.46141883084955
731,0.00042742677791882995,-76.46141929493668,-76.46099186815876
732,0.0004273851150048084,-76.46301973703001,-76.462592351915
733,0.0004274118273956279,-76.46386706286333,-76.46343965103593
734,0.0004273924959046967,-76.45958509622334,-76.45915770372743
735,0.0004274346893805121,-76.46296621293666,-76.46253877824728
736,0.0004273661401436321,-76.46080959697666,-76.46038223083652
737,0.0004274154003496337,-76.46092561832,-76.46049820291965
738,0.0004273402582207419,-76.46142048774666,-76.46099314748844
739,0.00042739762165852396,-76.46189548141666,-76.461468083795
740,0.00042740574704018216,-76.46327718069332,-76.46284977494628
741,0.0004274216976593884,-76.46331567730999,-76.46288825561233
742,0.0004274108725930911,-76.46170300433332,-76.46127559346073
743,0.00042742445004160113,-76.46390443269999,-76.46347700824995
744,0.0004273671296470785,-76.45965228552669,-76.45922491839704
745,0.00042739230243586305,-76.46364980069667,-76.46322240839423
746,0.00042741471382613864,-76.46322782240334,-76.46280040768951
747,0.0004274267744412323,-76.46183681333336,-76.46140938655893
748,0.00042735978923345066,-76.45946036013332,-76.45903300034409
749,0.0004274162702699095,-76.46115724209666,-76.46072982582639
750,0.0004273918712766764,-76.46211969162,-76.46169229974873
751,0.0004274003284992076,-76.46134683320332,-76.46091943287482
752,0.00042741613390146914,-76.46290451085001,-76.4624770947161
753,0.000427402991200723,-76.46383562676,-76.4634082237688
754,0.00042741197425420573,-76.46173686124332,-76.46130944926907
755,0.00042740948113196973,-76.46204937046998,-76.46162196098885
756,0.00042742218328098837,-76.46294099543334,-76.46251357325006
757,0.00042735146071931423,-76.46152835224,-76.46110100077928
758,0.00042739536268752043,-76.46243839848667,-76.46201100312398
759,0.0004274531011012229,-76.46185693157666,-76.46142947847557
760,0.0004274396521174057,-76.46190759556998,-76.46148015591787
761,0.0004274254366886666,-76.45839671794333,-76.45796929250665
762,0.0004273539779241766,-76.45919891272666,-76.45877155874874
763,0.0004274188191954767,-76.46306673907334,-76.46263932025414
764,0.00042740315192023244,-76.46270775536331,-76.4622803522114
765,0.0004273874565476891,-76.46021105757335,-76.45978367011679
766,0.0004274276853546638,-76.46427454595667,-76.46384711827132
767,0.00042742323134086006,-76.46296912151999,-76.46254169828865
768,0.0004273916916188091,-76.46236049357334,-76.46193310188173
769,0.00042739941563614504,-76.46134676298999,-76.46091936357435
770,0.0004274290208657728,-76.46270825188336,-76.4622808228625
771,0.0004273758362398073,-76.46354524958333,-76.4631178737471
772,0.000427434802593051,-76.46187002170001,-76.46144258689742
773,0.00042737533086983573,-76.45871205577667,-76.4582846804458
774,0.0004274131224299284,-76.46059142565667,-76.46016401253425
775,0.0004274165116667765,-76.46256544956334,-76.46213803305167
776,0.000427391623506453,-76.46088057675335,-76.46045318512985
777,0.00042742664818914495,-76.46296239660667,-76.46253496995848
778,0.00042739125143169697,-76.46176697898666,-76.46133958773522
779,0.00042733713570194655,-76.46032402203667,-76.45989668490097
780,0.00042736711824078896,-76.46123939342334,-76.4608120263051
781,0.00042739090918136684,-76.4616267001,-76.46119930919082
782,0.0004274095134366717,-76.45931280980669,-76.45888540029325
783,0.00042738194040723386,-76.46137917289667,-76.46095179095626
784,0.00042739133167951995,-76.45805982400333,-76.45763243267164
785,0.0004274015355190662,-76.46251829886666,-76.46209089733114
786,0.00042735520955087744,-76.46411406336333,-76.46368670815377
787,0.00042741694434098645,-76.46246765954,-76.46204024259565
788,0.0004274134431891713,-76.46228285360002,-76.46185544015682
789,0.00042741128301591495,-76.46351786664333,-76.46309045536032
790,0.0004273882138675028,-76.4631890167,-76.46276162848613
791,0.0004274180368132674,-76.46421552698001,-76.4637881089432
792,0.0004274167964008588,-76.46307205976665,-76.46264464297025
793,0.00042739093110639667,-76.46223243850334,-76.46180504757223
794,0.0004273947008415515,-76.46127776806665,-76.46085037336582
795,0.00042739149665495095,-76.46154064950001,-76.46111325800335
796,0.00042740285084801624,-76.46145764172,-76.46103023886916
797,0.0004274036192370892,-76.46212423740668,-76.46169683378744
798,0.00042736402360128923,-76.45975117351666,-76.45932380949306
799,0.0004273867502644663,-76.46048776507,-76.46006037831974
800,0.00042737077028302334,-76.46216188861999,-76.4617345178497
801,0.00042737609108924453,-76.46171521172333,-76.46128783563223
802,0.00042739125926416206,-76.46277611901999,-76.46234872776073
803,0.00042740339891771405,-76.46309609946667,-76.46266869606775
804,0.0004273340290968801,-76.46182991959668,-76.46140258556758
805,0.0004273939632128969,-76.46337399467666,-76.46294660071345
806,0.0004274071364512608,-76.46135733829334,-76.46092993115688
807,0.0004273313057940646,-76.46144872570333,-76.46102139439753
808,0.00042741249091471996,-76.46337280951336,-76.46294539702244
809,0.00042742184980356463,-76.46304391782,-76.4626164959702
810,0.00042741471983155096,-76.46099866957667,-76.46057125485683
811,0.00042736895853479734,-76.46053162941,-76.46010426045146
812,0.0004274139896176718,-76.4625089013,-76.46208148731039
813,0.0004274088147050378,-76.46384331989,-76.4634159110753
814,0.00042741938289778304,-76.46185435680334,-76.46142693742044
815,0.000427438024458111,-76.46253407937667,-76.46210664135221
816,0.00042743080262189415,-76.45606086295,-76.45563343214738
817,0.00042743857399466363,-76.46296233699996,-76.46253489842597
818,0.000427351297805477,-76.46119392061,-76.4607665693122
819,0.0004274154996369242,-76.46303308721998,-76.46260567172034
820,0.00042742282742657485,-76.46008054875668,-76.45965312592925
821,0.0004274090178933415,-76.46237678394665,-76.46194937492876
822,0.0004273986095845207,-76.46211458540002,-76.46168718679043
823,0.0004274035811710195,-76.46008492527669,-76.45965752169552
824,0.0004274175291491948,-76.46119696373668,-76.46076954620753
825,0.0004273838448280267,-76.46374922025333,-76.46332183640851
826,0.00042742252250930763,-76.46175463136333,-76.46132720884083
827,0.00042735041582513524,-76.46176096826333,-76.46133361784752
828,0.000427389659631112,-76.4626070906167,-76.46217970095707
829,0.0004273946123245864,-76.46010066329333,-76.459673268681
830,0.0004274199038396193,-76.46232705054332,-76.46189963063948
831,0.0004273912657478042,-76.46104177813667,-76.46061438687093
832,0.00042740767455833056,-76.46293774165,-76.46251033397543
833,0.00042742509306988507,-76.46393068994333,-76.46350326485026
834,0.000427422188743608,-76.46384093056666,-76.46341350837791
835,0.00042739802663458647,-76.46250982014665,-76.46208242212002
836,0.00042736863163169824,-76.4627935719,-76.46236620326836
837,0.00042738145746925535,-76.46354718446332,-76.46311980300585
838,0.0004273885150685192,-76.46237439654001,-76.46194700802495
839,0.0004274161580305422,-76.46304452830333,-76.4626171121453
840,0.0004274271800952278,-76.46276241281667,-76.46233498563657
841,0.00042742214279306573,-76.46263876842667,-76.46221134628388
842,0.0004273748931283611,-76.46183721295668,-76.46140983806355
843,0.00042738501941215425,-76.46261532177999,-76.46218793676059
844,0.0004274209751732445,-76.46097607035999,-76.46054864938482
845,0.00042744234134211196,-76.46073914797333,-76.46031170563198
846,0.00042734938702263057,-76.46240503793334,-76.46197768854631
847,0.00042738401417833353,-76.46121362675332,-76.46078624273915
848,0.0004273362876311619,-76.46139616679332,-76.46096883050569
849,0.0004273800664574079,-76.46217857685332,-76.46175119678686
850,0.0004273853876778109,-76.46202394374667,-76.46159655835899
851,0.0004274250190850835,-76.45930363522001,-76.45887621020093
852,0.00042741311310264614,-76.46092918944001,-76.46050177632691
853,0.0004274167635855418,-76.46267530176667,-76.46224788500308
854,0.0004273550641853584,-76.46032939104666,-76.45990203598247
855,0.0004274215199667243,-76.46322743655999,-76.46280001504002
856,0.0004274184215829334,-76.46307230688,-76.46264488845841
857,0.0004273607755307972,-76.46114368250667,-76.46071632173114
858,0.0004274534524861359,-76.46336730649334,-76.46293985304085
859,0.00042739125695497244,-76.46027768466334,-76.45985029340639
860,0.00042740225011826324,-76.46212770757332,-76.46170030532319
861,0.0004274090368902132,-76.46280620617668,-76.46237879713979
862,0.0004274320382856692,-76.46248567712334,-76.46205824508506
863,0.0004273564626351655,-76.46123096174667,-76.46080360528403
864,0.0004273155512729933,-76.46186735661333,-76.46144004106205
865,0.0004274389673062856,-76.46162053610666,-76.46119309713936
866,0.00042739549612616317,-76.46362934498,-76.46320194948387
867,0.0004273933380098535,-76.46140209349666,-76.46097470015864
868,0.0004274144764643236,-76.46277525936334,-76.46234784488688
869,0.00042737728420792537,-76.46207600456334,-76.46164862727913
870,0.00042740699280569147,-76.45806386588667,-76.45763645889387
871,0.00042741480879599387,-76.46105154498333,-76.46062413017454
872,0.0004274093032783925,-76.46279471034669,-76.4623673010434
873,0.00042741082952110597,-76.46281854159669,-76.46239113076717
874,0.00042738730293003207,-76.46021327036003,-76.4597858830571
875,0.0004274184215829334,-76.46307230688,-76.46264488845841
876,0.00042740687502297104,-76.46191458783666,-76.46148718096164
877,0.0004273924539497226,-76.45988964095001,-76.45946224849607
878,0.0004274287024268779,-76.46256715076667,-76.46213972206425
879,0.00042738561871915476,-76.46197889485333,-76.46155150923461
880,0.00042740247092473406,-76.46156938162001,-76.46114197914909
881,0.00042741681953221343,-76.46300580697668,-76.46257839015715
882,0.0004274127807905339,-76.46310220149665,-76.46267478871586
883,0.00042743996328197144,-76.46012968004999,-76.45970224008671
884,0.000427432315915479,-76.46321597792334,-76.46278854560742
885,0.00042740867615741575,-76.46118480182334,-76.46075739314718
886,0.00042740851871052044,-76.46000158929999,-76.45957418078129
887,0.000427388907372286,-76.46262394742668,-76.46219655851931
888,0.0004274222765063387,-76.46073744725001,-76.46031002497351
889,0.0004274503044500223,-76.46083027376332,-76.46040282345886
890,0.00042741338033457847,-76.46286324864,-76.46243583525967
891,0.0004274358049432395,-76.46203576915667,-76.46160833335173
892,0.00042736432432370874,-76.46035900293666,-76.45993163861233
893,0.00042742516395208053,-76.46374458716001,-76.46331716199606
894,0.0004274315802635528,-76.46258704292333,-76.46215961134307
895,0.00042743146616419485,-76.46376655741668,-76.46333912595051
896,0.00042744436365015764,-76.46320580801999,-76.46277836365634
897,0.0004274121710404345,-76.46022580617665,-76.45979839400562
898,0.0004274197042159012,-76.46403392838002,-76.46360650867581
899,0.0004274244180093673,-76.46230436759667,-76.46187694317867
900,0.0004274231936789419,-76.46293865468667,-76.46251123149298
901,0.0004274182859018437,-76.46164281014335,-76.46121539185745
902,0.0004273539779241766,-76.45919891272999,-76.45877155875206
903,0.00042741076222159484,-76.4633099286,-76.46288251783777
904,0.00042741894689095106,-76.45703400773667,-76.45660658878978
905,0.00042731636619113705,-76.46039696245334,-76.45996964608716
906,0.00042736988410756063,-76.46171607623667,-76.46128870635256
907,0.000427425283964711,-76.46161567319668,-76.46118824791272
908,0.00042737733921113574,-76.46121530885334,-76.46078793151413
909,0.0004273598980023706,-76.46180910857666,-76.46138174867866
910,0.000427389659631112,-76.4626070906167,-76.46217970095707
911,0.00042742132816146153,-76.46288102227666,-76.4624536009485
912,0.0004273990458874709,-76.46235139866334,-76.46192399961745
913,0.0004274016803620103,-76.46378314188665,-76.4633557402063
914,0.0004274228510975515,-76.46288379956667,-76.46245637671556
915,0.0004273736188165265,-76.46167102195334,-76.46124364833452
916,0.0004273712745377463,-76.46172514413,-76.46129777285546
917,0.00042742996196840966,-76.46218933539,-76.46176190542802
918,0.00042738235715934525,-76.46265437486001,-76.46222699250285
919,0.00042741222043669955,-76.46161009168334,-76.46118267946291
920,0.0004274247083403931,-76.46346439705668,-76.46303697234835
921,0.00042738725333104906,-76.46301817349331,-76.46259078623999
922,0.00042742184438521576,-76.45995420525999,-76.45952678341561
923,0.0004273999767658695,-76.46120992204332,-76.46078252206655
924,0.0004274264397482356,-76.46299544948667,-76.46256802304693
925,0.000427423671461901,-76.46287395663998,-76.46244653296851
926,0.00042739756583850397,-76.46019300122666,-76.45976560366081
927,0.0004274066963280457,-76.46158085002334,-76.461153443327
928,0.00042739115725102525,-76.46173059735666,-76.46130320619942
929,0.0004273929248204036,-76.46152804083333,-76.46110064790851
930,0.00042734901660384356,-76.46115611188334,-76.46072876286674
931,0.0004273660899601482,-76.45903838357667,-76.4586110174867
932,0.0004274253395901312,-76.4606930118,-76.46026558646041
933,0.0004274343910608522,-76.46380258957667,-76.46337515518562
934,0.000427387183137731,-76.46229487305332,-76.46186748587019
935,0.0004274171857246164,-76.46362316436998,-76.46319574718426
936,0.00042741042890331285,-76.46150196262667,-76.46107455219777
937,0.00042743330953505477,-76.46363522848,-76.46320779517046
938,0.00042740558180277155,-76.46164328117668,-76.46121587559487
939,0.00042739017113006643,-76.46127775126668,-76.46085036109555
940,0.0004274522543800393,-76.46352156751333,-76.46309411525894
941,0.00042737805339690963,-76.45977647840667,-76.45934910035326
942,0.0004274045701801829,-76.45956454566,-76.45913714108983
943,0.000427421614048948,-76.4617859799,-76.46135855828595
944,0.0004274125802049197,-76.46127010379332,-76.46084269121312
945,0.00042738098847208705,-76.46049240144998,-76.46006502046151
946,0.00042741650166094506,-76.45716481374666,-76.45673739724499
947,0.0004274054560973136,-76.46389468179,-76.4634672763339
948,0.000427418371019796,-76.46252432773,-76.46209690935898
949,0.0004273965937882425,-76.46163677838668,-76.46120938179288
950,0.00042735937523765707,-76.46350044952666,-76.46307309015143
951,0.0004273967482154005,-76.46205360871,-76.46162621196177
952,0.00042742035437169727,-76.46331083825667,-76.4628834179023
953,0.0004273983281933686,-76.45974832059665,-76.45932092226845
954,0.00042737694688466755,-76.45825540870335,-76.45782803175646
955,0.0004274262621072944,-76.45903589271666,-76.45860846645455
956,0.000427411513120979,-76.46321995365,-76.46279254213688
957,0.000427381224425783,-76.46261180728666,-76.46218442606224
958,0.00042737875737016665,-76.46131464900667,-76.4608872702493
959,0.0004274538339970684,-76.46234140347002,-76.46191394963603
960,0.00042736260151481054,-76.46170910035666,-76.46128173775514
961,0.0004274036583825746,-76.46162543764333,-76.46119803398496
962,0.0004273997399231887,-76.46071375549667,-76.46028635575675
963,0.0004274316150883299,-76.46412699292667,-76.46369956131157
964,0.00042737807849336937,-76.46328242079667,-76.46285504271818
965,0.00042743605133769875,-76.46344988809332,-76.46302245204198
966,0.00042741323299589755,-76.46176501358335,-76.46133760035035
967,0.00042741193464864184,-76.46268645831,-76.46225904637535
968,0.0004274057825327518,-76.46313238174334,-76.4627049759608
969,0.000427406869165206,-76.46151640787001,-76.46108900100084
970,0.0004274224885790226,-76.46162075949334,-76.46119333700476
971,0.0004273545218419768,-76.46126999471667,-76.46084264019483
972,0.0004274065430516675,-76.46357512904666,-76.4631477225036
973,0.0004273723460371022,-76.45943399646667,-76.45900662412063
974,0.0004273982806523298,-76.46023860252,-76.45981120423934
975,0.00042742827850146016,-76.46216602137665,-76.46173859309815
976,0.00042735340444336774,-76.45873592224667,-76.45830856884223
977,0.00042740711531900314,-76.46007068483999,-76.45964327772467
978,0.00042741123080954817,-76.46118986013998,-76.46076244890918
979,0.00042744937547073333,-76.46322206494666,-76.4627946155712
980,0.00042740615627059067,-76.45883437297333,-76.45840696681705
981,0.00042735561351636535,-76.46137213607332,-76.46094478045981
982,0.0004273414722397268,-76.45825894616665,-76.4578316046944
983,0.0004274084790698875,-76.46176688821,-76.46133947973092
984,0.0004273793390972089,-76.46327125612667,-76.46284387678757
985,0.0004273900351492663,-76.45880125342,-76.45837386338485
986,0.00042737906705104395,-76.45855396470333,-76.45812658563628
987,0.00042740680137856287,-76.46252195975002,-76.46209455294864
988,0.00042740225011826324,-76.46212770757332,-76.46170030532319
989,0.00042742669263193527,-76.46274647693333,-76.4623190502407
990,0.0004274164593959092,-76.46280687425,-76.4623794577906
991,0.0004274107813311992,-76.46119426297332,-76.460766852192
992,0.0004274123240898802,-76.46184128721667,-76.46141387489259
993,0.00042741041254727323,-76.46238789404,-76.46196048362746
994,0.000427400661839296,-76.46152766039332,-76.46110025973148
995,0.00042738273286945297,-76.46287403013666,-76.4624466474038
996,0.0004273975392718848,-76.46229004708333,-76.46186264954406
997,0.0004273780829076397,-76.46104249162666,-76.46061511354375
998,0.0004273971401185179,-76.46195845519665,-76.46153105805654
999,0.0004273604450131203,-76.45959761376,-76.45917025331498
1000,0.00042742392506670815,-76.4622746503,-76.46184722637494
1001,0.00042739518402697395,-76.46190741500664,-76.4614800198226
1002,0.00042740285084801624,-76.46145764172,-76.46103023886916
1003,0.0004273463768021214,-76.46114540308332,-76.46071805670653
1004,0.00042742458967029044,-76.46418585356,-76.46375842897032
1005,0.00042742602107125066,-76.46240088873,-76.46197346270893
1006,0.00042741901082890766,-76.46043748574999,-76.46001006673916
1007,0.0004274247426290597,-76.4632915656,-76.46286414085738
1008,0.0004274069373568363,-76.46000626944,-76.45957886250264
1009,0.00042742263212848606,-76.46076025450667,-76.46033283187454
1010,0.0004274247172187353,-76.46002894409666,-76.45960151937945
1011,0.0004274185043414904,-76.46323358802668,-76.46280616952234
1012,0.00042742567605957594,-76.46350646285666,-76.46307903718059
1013,0.0004274164233419733,-76.46244819902334,-76.4620207826
1014,0.0004274748767973396,-76.46379881208333,-76.46337133720652
1015,0.00042741681689069123,-76.46135367581333,-76.46092625899644
1016,0.0004274018751938151,-76.46163571225665,-76.46120831038145
1017,0.0004273924371318575,-76.45859698309665,-76.45816959065952
1018,0.0004274296078540868,-76.46273616655999,-76.46230873695214
1019,0.0004273720623939215,-76.45863475221667,-76.45820738015428
1020,0.0004273965715523767,-76.45854813280667,-76.45812073623512
1021,0.0004274033483692032,-76.46298264695,-76.46255524360163
1022,0.0004274009584361258,-76.46341387127667,-76.46298647031824
1023,0.00042740348863680796,-76.46160384027999,-76.46117643679135
1024,0.00042745543567335577,-76.46098659300667,-76.460559137571
1025,0.00042739518402697395,-76.46190741500664,-76.4614800198226
1026,0.000427381366218687,-76.46304831947,-76.46262093810378
1027,0.0004274149371650057,-76.46243877346,-76.46201135852283
1028,0.0004273786330308951,-76.46147049614,-76.46104311750696
1029,0.000427405323035086,-76.46287105582665,-76.46244365050362
1030,0.00042741097024676447,-76.46160329316332,-76.46117588219307
1031,0.00042741026581289077,-76.46316657526667,-76.46273916500085
1032,0.0004274219615074887,-76.45965750179666,-76.45923007983515
1033,0.00042743197888718695,-76.4606665725,-76.46023914052111
1034,0.0004273938851180076,-76.46211800163665,-76.46169060775154
1035,0.00042741597991152155,-76.46188772244666,-76.46146030646675
1036,0.0004274281843739924,-76.46181967007001,-76.46139224188563
1037,0.00042743033834164297,-76.46258200151667,-76.46215457117832
1038,0.00042738449384232446,-76.46011243988667,-76.45968505539282
1039,0.00042739852739162907,-76.45871223006333,-76.45828483153593
1040,0.00042743230927729496,-76.46326470918001,-76.46283727687073
1041,0.00042737274153669617,-76.46214762230669,-76.46172024956515
1042,0.00042738898211712646,-76.46028311894332,-76.4598557299612
1043,0.0004274007036881957,-76.45911122099666,-76.45868382029298
1044,0.0004273984088290624,-76.46231092506333,-76.4618835266545
1045,0.00042742796708128395,-76.46304401367667,-76.46261658570958
1046,0.00042741149149330785,-76.46227296129668,-76.46184554980519
1047,0.0004274105103757753,-76.46360253022999,-76.46317511971962
1048,0.0004274004537916056,-76.46401155018665,-76.46358414973287
1049,0.0004273929621624307,-76.46092592760333,-76.46049853464116
1050,0.0004274184028584748,-76.45708689468665,-76.45665947628379
1051,0.00042748092367068675,-76.46405735268667,-76.46362987176299
1052,0.00042739013648465364,-76.46112408677,-76.46069669663352
1053,0.00042739323832520433,-76.46233296628999,-76.46190557305167
1054,0.0004274128986912387,-76.46136013173,-76.46093271883132
1055,0.00042740274890676024,-76.46301052089001,-76.4625831181411
1056,0.00042741266948662164,-76.4626343281,-76.46220691543051
1057,0.0004273294114253888,-76.46176284541666,-76.46133551600524
1058,0.0004273650655031782,-76.46119929713333,-76.46077193206783
1059,0.00042740497965190885,-76.46006198900336,-76.45963458402372
1060,0.0004273915506477908,-76.45744067719001,-76.45701328563936
1061,0.0004274002170577897,-76.46169465652335,-76.46126725630629
1062,0.00042734603233061914,-76.46009242385666,-76.45966507782434
1063,0.000427412229738411,-76.46223542352332,-76.46180801129358
1064,0.000427379033807773,-76.46055845660999,-76.46013107757618
1065,0.00042740473115346014,-76.46439869116332,-76.46397128643217
1066,0.000427385321192628,-76.46207988069668,-76.46165249537549
1067,0.00042739826973110334,-76.46234797036,-76.46192057209026
1068,0.00042739084818723533,-76.46174623446667,-76.46131884361849
1069,0.00042731054454095093,-76.46143909642335,-76.46101178587881
1070,0.00042741337277785407,-76.45919308864333,-76.45876567527056
1071,0.0004273916681625674,-76.46095787811333,-76.46053048644517
1072,0.0004273940905854845,-76.46164013972333,-76.46121274563275
1073,0.0004273815944481085,-76.45881341397332,-76.45838603237887
1074,0.00042740505826161467,-76.46431267521665,-76.46388527015839
1075,0.00042741334755929837,-76.45834538018333,-76.45791796683577
1076,0.00042742480730014414,-76.46138977880999,-76.46096235400269
1077,0.00042738721373782046,-76.45951519539666,-76.45908780818293
1078,0.0004274309005689528,-76.46484142752,-76.46441399661943
1079,0.00042735342304023316,-76.46139080420333,-76.4609634507803
1080,0.00042738540816955275,-76.46169442204332,-76.46126703663515
1081,0.00042740107809673144,-76.45824913670332,-76.45782173562522
1082,0.0004274361205478308,-76.45714847055001,-76.45672103442946
1083,0.00042742307322517095,-76.46153061824336,-76.46110319517014
1084,0.0004274106537182094,-76.45894113918,-76.45851372852628
1085,0.00042737788926994316,-76.46158998663,-76.46116260874074
1086,0.0004273863695804973,-76.46156324220668,-76.4611358558371
1087,0.0004273798979350159,-76.46084554059334,-76.46041816069541
1088,0.0004273876749300688,-76.46374823769332,-76.46332085001839
1089,0.0004274223408805548,-76.46057488446,-76.46014746211912
1090,0.000427397473734271,-76.46185780686667,-76.46143040939295
1091,0.0004273744700492701,-76.46252356644001,-76.46209619196996
1092,0.00042747103776989134,-76.46354934667669,-76.46312187563892
1093,0.0004273961133647214,-76.46033389211668,-76.45990649600331
1094,0.00042740427075941103,-76.46146693227666,-76.4610395280059
1095,0.0004273924252972798,-76.45968758086333,-76.45926018843804
1096,0.00042745231807423344,-76.46366832698999,-76.46324087467191
1097,0.00042736900408226033,-76.46124905153667,-76.46082168253258
1098,0.0004273747546600868,-76.46293159558334,-76.46250422082868
1099,0.00042739878224891495,-76.46006627066335,-76.4596388718811
